Node	Rels	Property	Label:label	Counter:int
0	8	TEST	0
1	8	TEST	1
2	4	TEST	2
3	8	TEST	3
4	5	TEST	4
5	0	TEST	5
6	1	TEST	6
7	3	TEST	7
8	2	TEST	8
9	6	TEST	9
10	9	TEST	10
11	9	TEST	11
12	7	TEST	12
13	9	TEST	13
14	5	TEST	14
15	1	TEST	15
16	9	TEST	16
17	8	TEST	17
18	9	TEST	18
19	7	TEST	19
20	2	TEST	20
21	9	TEST	21
22	4	TEST	22
23	1	TEST	23
24	1	TEST	24
25	2	TEST	25
26	9	TEST	26
27	1	TEST	27
28	2	TEST	28
29	9	TEST	29
30	7	TEST	30
31	4	TEST	31
32	6	TEST	32
33	6	TEST	33
34	9	TEST	34
35	6	TEST	35
36	7	TEST	36
37	4	TEST	37
38	5	TEST	38
39	4	TEST	39
40	2	TEST	40
41	0	TEST	41
42	4	TEST	42
43	5	TEST	43
44	2	TEST	44
45	9	TEST	45
46	1	TEST	46
47	4	TEST	47
48	6	TEST	48
49	8	TEST	49
50	7	TEST	50
51	0	TEST	51
52	5	TEST	52
53	2	TEST	53
54	5	TEST	54
55	1	TEST	55
56	9	TEST	56
57	6	TEST	57
58	0	TEST	58
59	1	TEST	59
60	7	TEST	60
61	9	TEST	61
62	6	TEST	62
63	1	TEST	63
64	8	TEST	64
65	4	TEST	65
66	3	TEST	66
67	0	TEST	67
68	1	TEST	68
69	2	TEST	69
70	9	TEST	70
71	6	TEST	71
72	8	TEST	72
73	8	TEST	73
74	6	TEST	74
75	6	TEST	75
76	1	TEST	76
77	8	TEST	77
78	1	TEST	78
79	6	TEST	79
80	7	TEST	80
81	1	TEST	81
82	9	TEST	82
83	7	TEST	83
84	9	TEST	84
85	1	TEST	85
86	6	TEST	86
87	6	TEST	87
88	1	TEST	88
89	4	TEST	89
90	0	TEST	90
91	0	TEST	91
92	0	TEST	92
93	6	TEST	93
94	2	TEST	94
95	9	TEST	95
96	9	TEST	96
97	0	TEST	97
98	5	TEST	98
99	7	TEST	99
100	3	TEST	100
101	2	TEST	101
102	8	TEST	102
103	6	TEST	103
104	7	TEST	104
105	1	TEST	105
106	4	TEST	106
107	4	TEST	107
108	0	TEST	108
109	8	TEST	109
110	0	TEST	110
111	7	TEST	111
112	1	TEST	112
113	0	TEST	113
114	1	TEST	114
115	6	TEST	115
116	6	TEST	116
117	4	TEST	117
118	6	TEST	118
119	3	TEST	119
120	9	TEST	120
121	9	TEST	121
122	3	TEST	122
123	0	TEST	123
124	0	TEST	124
125	1	TEST	125
126	6	TEST	126
127	1	TEST	127
128	3	TEST	128
129	3	TEST	129
130	9	TEST	130
131	1	TEST	131
132	7	TEST	132
133	1	TEST	133
134	0	TEST	134
135	4	TEST	135
136	6	TEST	136
137	9	TEST	137
138	5	TEST	138
139	1	TEST	139
140	6	TEST	140
141	7	TEST	141
142	6	TEST	142
143	6	TEST	143
144	8	TEST	144
145	8	TEST	145
146	6	TEST	146
147	9	TEST	147
148	3	TEST	148
149	9	TEST	149
150	2	TEST	150
151	5	TEST	151
152	6	TEST	152
153	7	TEST	153
154	4	TEST	154
155	3	TEST	155
156	8	TEST	156
157	3	TEST	157
158	4	TEST	158
159	1	TEST	159
160	2	TEST	160
161	3	TEST	161
162	5	TEST	162
163	1	TEST	163
164	6	TEST	164
165	4	TEST	165
166	6	TEST	166
167	7	TEST	167
168	1	TEST	168
169	9	TEST	169
170	4	TEST	170
171	8	TEST	171
172	3	TEST	172
173	9	TEST	173
174	9	TEST	174
175	0	TEST	175
176	9	TEST	176
177	1	TEST	177
178	1	TEST	178
179	3	TEST	179
180	9	TEST	180
181	9	TEST	181
182	6	TEST	182
183	3	TEST	183
184	1	TEST	184
185	3	TEST	185
186	2	TEST	186
187	9	TEST	187
188	8	TEST	188
189	4	TEST	189
190	9	TEST	190
191	4	TEST	191
192	4	TEST	192
193	0	TEST	193
194	7	TEST	194
195	4	TEST	195
196	6	TEST	196
197	4	TEST	197
198	1	TEST	198
199	8	TEST	199
200	2	TEST	200
201	9	TEST	201
202	3	TEST	202
203	2	TEST	203
204	8	TEST	204
205	5	TEST	205
206	6	TEST	206
207	1	TEST	207
208	0	TEST	208
209	0	TEST	209
210	7	TEST	210
211	4	TEST	211
212	1	TEST	212
213	7	TEST	213
214	4	TEST	214
215	9	TEST	215
216	0	TEST	216
217	0	TEST	217
218	1	TEST	218
219	6	TEST	219
220	2	TEST	220
221	8	TEST	221
222	3	TEST	222
223	1	TEST	223
224	2	TEST	224
225	2	TEST	225
226	9	TEST	226
227	2	TEST	227
228	3	TEST	228
229	2	TEST	229
230	3	TEST	230
231	9	TEST	231
232	2	TEST	232
233	3	TEST	233
234	8	TEST	234
235	8	TEST	235
236	8	TEST	236
237	2	TEST	237
238	8	TEST	238
239	3	TEST	239
240	7	TEST	240
241	1	TEST	241
242	0	TEST	242
243	4	TEST	243
244	9	TEST	244
245	0	TEST	245
246	9	TEST	246
247	5	TEST	247
248	2	TEST	248
249	6	TEST	249
250	4	TEST	250
251	4	TEST	251
252	7	TEST	252
253	9	TEST	253
254	9	TEST	254
255	5	TEST	255
256	4	TEST	256
257	6	TEST	257
258	2	TEST	258
259	1	TEST	259
260	8	TEST	260
261	3	TEST	261
262	9	TEST	262
263	9	TEST	263
264	8	TEST	264
265	9	TEST	265
266	6	TEST	266
267	8	TEST	267
268	0	TEST	268
269	1	TEST	269
270	8	TEST	270
271	6	TEST	271
272	5	TEST	272
273	9	TEST	273
274	0	TEST	274
275	2	TEST	275
276	7	TEST	276
277	7	TEST	277
278	9	TEST	278
279	1	TEST	279
280	7	TEST	280
281	9	TEST	281
282	0	TEST	282
283	9	TEST	283
284	1	TEST	284
285	8	TEST	285
286	5	TEST	286
287	6	TEST	287
288	5	TEST	288
289	1	TEST	289
290	0	TEST	290
291	2	TEST	291
292	3	TEST	292
293	6	TEST	293
294	5	TEST	294
295	9	TEST	295
296	5	TEST	296
297	2	TEST	297
298	4	TEST	298
299	2	TEST	299
300	2	TEST	300
301	7	TEST	301
302	7	TEST	302
303	0	TEST	303
304	4	TEST	304
305	5	TEST	305
306	1	TEST	306
307	4	TEST	307
308	7	TEST	308
309	3	TEST	309
310	6	TEST	310
311	9	TEST	311
312	7	TEST	312
313	6	TEST	313
314	7	TEST	314
315	8	TEST	315
316	6	TEST	316
317	4	TEST	317
318	5	TEST	318
319	8	TEST	319
320	1	TEST	320
321	6	TEST	321
322	1	TEST	322
323	6	TEST	323
324	9	TEST	324
325	9	TEST	325
326	1	TEST	326
327	2	TEST	327
328	3	TEST	328
329	0	TEST	329
330	0	TEST	330
331	7	TEST	331
332	9	TEST	332
333	2	TEST	333
334	2	TEST	334
335	3	TEST	335
336	8	TEST	336
337	9	TEST	337
338	9	TEST	338
339	0	TEST	339
340	0	TEST	340
341	5	TEST	341
342	9	TEST	342
343	2	TEST	343
344	2	TEST	344
345	1	TEST	345
346	0	TEST	346
347	9	TEST	347
348	6	TEST	348
349	6	TEST	349
350	6	TEST	350
351	5	TEST	351
352	6	TEST	352
353	1	TEST	353
354	1	TEST	354
355	8	TEST	355
356	3	TEST	356
357	3	TEST	357
358	2	TEST	358
359	7	TEST	359
360	4	TEST	360
361	5	TEST	361
362	8	TEST	362
363	0	TEST	363
364	9	TEST	364
365	9	TEST	365
366	9	TEST	366
367	4	TEST	367
368	9	TEST	368
369	6	TEST	369
370	4	TEST	370
371	5	TEST	371
372	6	TEST	372
373	9	TEST	373
374	6	TEST	374
375	2	TEST	375
376	7	TEST	376
377	9	TEST	377
378	9	TEST	378
379	4	TEST	379
380	9	TEST	380
381	4	TEST	381
382	4	TEST	382
383	5	TEST	383
384	7	TEST	384
385	0	TEST	385
386	7	TEST	386
387	2	TEST	387
388	1	TEST	388
389	7	TEST	389
390	4	TEST	390
391	0	TEST	391
392	9	TEST	392
393	4	TEST	393
394	6	TEST	394
395	2	TEST	395
396	5	TEST	396
397	7	TEST	397
398	6	TEST	398
399	3	TEST	399
400	0	TEST	400
401	5	TEST	401
402	2	TEST	402
403	8	TEST	403
404	5	TEST	404
405	5	TEST	405
406	1	TEST	406
407	6	TEST	407
408	5	TEST	408
409	4	TEST	409
410	7	TEST	410
411	6	TEST	411
412	1	TEST	412
413	8	TEST	413
414	2	TEST	414
415	8	TEST	415
416	1	TEST	416
417	3	TEST	417
418	2	TEST	418
419	4	TEST	419
420	4	TEST	420
421	5	TEST	421
422	3	TEST	422
423	7	TEST	423
424	2	TEST	424
425	2	TEST	425
426	3	TEST	426
427	4	TEST	427
428	4	TEST	428
429	0	TEST	429
430	3	TEST	430
431	4	TEST	431
432	6	TEST	432
433	3	TEST	433
434	4	TEST	434
435	0	TEST	435
436	0	TEST	436
437	8	TEST	437
438	4	TEST	438
439	8	TEST	439
440	5	TEST	440
441	6	TEST	441
442	4	TEST	442
443	0	TEST	443
444	1	TEST	444
445	2	TEST	445
446	4	TEST	446
447	8	TEST	447
448	9	TEST	448
449	2	TEST	449
450	2	TEST	450
451	8	TEST	451
452	1	TEST	452
453	1	TEST	453
454	2	TEST	454
455	1	TEST	455
456	9	TEST	456
457	6	TEST	457
458	5	TEST	458
459	8	TEST	459
460	6	TEST	460
461	1	TEST	461
462	7	TEST	462
463	7	TEST	463
464	2	TEST	464
465	8	TEST	465
466	1	TEST	466
467	0	TEST	467
468	5	TEST	468
469	4	TEST	469
470	2	TEST	470
471	5	TEST	471
472	0	TEST	472
473	1	TEST	473
474	2	TEST	474
475	8	TEST	475
476	7	TEST	476
477	8	TEST	477
478	3	TEST	478
479	3	TEST	479
480	9	TEST	480
481	4	TEST	481
482	6	TEST	482
483	1	TEST	483
484	5	TEST	484
485	8	TEST	485
486	4	TEST	486
487	0	TEST	487
488	4	TEST	488
489	3	TEST	489
490	6	TEST	490
491	6	TEST	491
492	1	TEST	492
493	6	TEST	493
494	5	TEST	494
495	3	TEST	495
496	0	TEST	496
497	8	TEST	497
498	2	TEST	498
499	8	TEST	499
500	1	TEST	500
501	2	TEST	501
502	5	TEST	502
503	9	TEST	503
504	7	TEST	504
505	0	TEST	505
506	0	TEST	506
507	4	TEST	507
508	2	TEST	508
509	8	TEST	509
510	7	TEST	510
511	1	TEST	511
512	5	TEST	512
513	1	TEST	513
514	1	TEST	514
515	3	TEST	515
516	8	TEST	516
517	0	TEST	517
518	5	TEST	518
519	5	TEST	519
520	9	TEST	520
521	0	TEST	521
522	7	TEST	522
523	0	TEST	523
524	3	TEST	524
525	2	TEST	525
526	2	TEST	526
527	2	TEST	527
528	6	TEST	528
529	1	TEST	529
530	1	TEST	530
531	1	TEST	531
532	5	TEST	532
533	2	TEST	533
534	5	TEST	534
535	6	TEST	535
536	2	TEST	536
537	2	TEST	537
538	5	TEST	538
539	6	TEST	539
540	4	TEST	540
541	0	TEST	541
542	5	TEST	542
543	7	TEST	543
544	1	TEST	544
545	2	TEST	545
546	4	TEST	546
547	5	TEST	547
548	4	TEST	548
549	6	TEST	549
550	9	TEST	550
551	5	TEST	551
552	7	TEST	552
553	9	TEST	553
554	9	TEST	554
555	6	TEST	555
556	3	TEST	556
557	0	TEST	557
558	1	TEST	558
559	7	TEST	559
560	8	TEST	560
561	4	TEST	561
562	6	TEST	562
563	2	TEST	563
564	4	TEST	564
565	6	TEST	565
566	5	TEST	566
567	1	TEST	567
568	4	TEST	568
569	1	TEST	569
570	0	TEST	570
571	5	TEST	571
572	7	TEST	572
573	1	TEST	573
574	1	TEST	574
575	8	TEST	575
576	9	TEST	576
577	8	TEST	577
578	9	TEST	578
579	9	TEST	579
580	7	TEST	580
581	0	TEST	581
582	3	TEST	582
583	0	TEST	583
584	6	TEST	584
585	7	TEST	585
586	8	TEST	586
587	3	TEST	587
588	9	TEST	588
589	3	TEST	589
590	7	TEST	590
591	5	TEST	591
592	7	TEST	592
593	7	TEST	593
594	3	TEST	594
595	2	TEST	595
596	0	TEST	596
597	3	TEST	597
598	5	TEST	598
599	8	TEST	599
600	8	TEST	600
601	7	TEST	601
602	4	TEST	602
603	8	TEST	603
604	9	TEST	604
605	0	TEST	605
606	2	TEST	606
607	3	TEST	607
608	4	TEST	608
609	2	TEST	609
610	4	TEST	610
611	8	TEST	611
612	8	TEST	612
613	0	TEST	613
614	3	TEST	614
615	4	TEST	615
616	1	TEST	616
617	2	TEST	617
618	2	TEST	618
619	7	TEST	619
620	9	TEST	620
621	0	TEST	621
622	9	TEST	622
623	9	TEST	623
624	1	TEST	624
625	6	TEST	625
626	5	TEST	626
627	0	TEST	627
628	0	TEST	628
629	9	TEST	629
630	1	TEST	630
631	0	TEST	631
632	2	TEST	632
633	7	TEST	633
634	1	TEST	634
635	4	TEST	635
636	8	TEST	636
637	0	TEST	637
638	5	TEST	638
639	9	TEST	639
640	2	TEST	640
641	2	TEST	641
642	6	TEST	642
643	9	TEST	643
644	6	TEST	644
645	0	TEST	645
646	1	TEST	646
647	8	TEST	647
648	7	TEST	648
649	2	TEST	649
650	4	TEST	650
651	5	TEST	651
652	4	TEST	652
653	8	TEST	653
654	8	TEST	654
655	2	TEST	655
656	2	TEST	656
657	9	TEST	657
658	7	TEST	658
659	9	TEST	659
660	2	TEST	660
661	7	TEST	661
662	5	TEST	662
663	9	TEST	663
664	9	TEST	664
665	8	TEST	665
666	0	TEST	666
667	4	TEST	667
668	6	TEST	668
669	1	TEST	669
670	6	TEST	670
671	4	TEST	671
672	9	TEST	672
673	0	TEST	673
674	2	TEST	674
675	7	TEST	675
676	8	TEST	676
677	8	TEST	677
678	6	TEST	678
679	0	TEST	679
680	9	TEST	680
681	6	TEST	681
682	9	TEST	682
683	5	TEST	683
684	6	TEST	684
685	9	TEST	685
686	0	TEST	686
687	2	TEST	687
688	6	TEST	688
689	6	TEST	689
690	0	TEST	690
691	7	TEST	691
692	1	TEST	692
693	3	TEST	693
694	7	TEST	694
695	5	TEST	695
696	6	TEST	696
697	9	TEST	697
698	9	TEST	698
699	1	TEST	699
700	1	TEST	700
701	9	TEST	701
702	5	TEST	702
703	1	TEST	703
704	0	TEST	704
705	1	TEST	705
706	9	TEST	706
707	5	TEST	707
708	7	TEST	708
709	5	TEST	709
710	4	TEST	710
711	7	TEST	711
712	4	TEST	712
713	9	TEST	713
714	4	TEST	714
715	7	TEST	715
716	3	TEST	716
717	2	TEST	717
718	1	TEST	718
719	9	TEST	719
720	1	TEST	720
721	5	TEST	721
722	0	TEST	722
723	7	TEST	723
724	2	TEST	724
725	4	TEST	725
726	2	TEST	726
727	4	TEST	727
728	4	TEST	728
729	2	TEST	729
730	1	TEST	730
731	1	TEST	731
732	9	TEST	732
733	8	TEST	733
734	2	TEST	734
735	9	TEST	735
736	1	TEST	736
737	6	TEST	737
738	5	TEST	738
739	5	TEST	739
740	2	TEST	740
741	9	TEST	741
742	6	TEST	742
743	2	TEST	743
744	8	TEST	744
745	1	TEST	745
746	2	TEST	746
747	3	TEST	747
748	8	TEST	748
749	2	TEST	749
750	9	TEST	750
751	0	TEST	751
752	3	TEST	752
753	2	TEST	753
754	0	TEST	754
755	0	TEST	755
756	3	TEST	756
757	5	TEST	757
758	2	TEST	758
759	4	TEST	759
760	8	TEST	760
761	7	TEST	761
762	2	TEST	762
763	4	TEST	763
764	0	TEST	764
765	9	TEST	765
766	8	TEST	766
767	6	TEST	767
768	7	TEST	768
769	2	TEST	769
770	5	TEST	770
771	1	TEST	771
772	7	TEST	772
773	3	TEST	773
774	9	TEST	774
775	7	TEST	775
776	2	TEST	776
777	9	TEST	777
778	3	TEST	778
779	3	TEST	779
780	4	TEST	780
781	4	TEST	781
782	4	TEST	782
783	2	TEST	783
784	8	TEST	784
785	8	TEST	785
786	3	TEST	786
787	3	TEST	787
788	0	TEST	788
789	4	TEST	789
790	8	TEST	790
791	7	TEST	791
792	3	TEST	792
793	2	TEST	793
794	6	TEST	794
795	5	TEST	795
796	5	TEST	796
797	0	TEST	797
798	3	TEST	798
799	8	TEST	799
800	6	TEST	800
801	0	TEST	801
802	2	TEST	802
803	2	TEST	803
804	2	TEST	804
805	3	TEST	805
806	0	TEST	806
807	7	TEST	807
808	0	TEST	808
809	1	TEST	809
810	6	TEST	810
811	8	TEST	811
812	6	TEST	812
813	1	TEST	813
814	5	TEST	814
815	7	TEST	815
816	5	TEST	816
817	7	TEST	817
818	4	TEST	818
819	9	TEST	819
820	3	TEST	820
821	0	TEST	821
822	6	TEST	822
823	2	TEST	823
824	2	TEST	824
825	6	TEST	825
826	7	TEST	826
827	6	TEST	827
828	4	TEST	828
829	9	TEST	829
830	6	TEST	830
831	1	TEST	831
832	1	TEST	832
833	4	TEST	833
834	4	TEST	834
835	8	TEST	835
836	7	TEST	836
837	3	TEST	837
838	5	TEST	838
839	5	TEST	839
840	1	TEST	840
841	3	TEST	841
842	0	TEST	842
843	8	TEST	843
844	2	TEST	844
845	5	TEST	845
846	7	TEST	846
847	1	TEST	847
848	6	TEST	848
849	0	TEST	849
850	4	TEST	850
851	8	TEST	851
852	7	TEST	852
853	2	TEST	853
854	9	TEST	854
855	1	TEST	855
856	7	TEST	856
857	9	TEST	857
858	8	TEST	858
859	8	TEST	859
860	1	TEST	860
861	7	TEST	861
862	1	TEST	862
863	3	TEST	863
864	4	TEST	864
865	6	TEST	865
866	7	TEST	866
867	0	TEST	867
868	9	TEST	868
869	7	TEST	869
870	7	TEST	870
871	5	TEST	871
872	5	TEST	872
873	8	TEST	873
874	9	TEST	874
875	0	TEST	875
876	7	TEST	876
877	6	TEST	877
878	4	TEST	878
879	0	TEST	879
880	4	TEST	880
881	0	TEST	881
882	4	TEST	882
883	1	TEST	883
884	3	TEST	884
885	8	TEST	885
886	1	TEST	886
887	3	TEST	887
888	1	TEST	888
889	4	TEST	889
890	5	TEST	890
891	3	TEST	891
892	2	TEST	892
893	0	TEST	893
894	7	TEST	894
895	1	TEST	895
896	6	TEST	896
897	0	TEST	897
898	8	TEST	898
899	8	TEST	899
900	7	TEST	900
901	4	TEST	901
902	1	TEST	902
903	9	TEST	903
904	4	TEST	904
905	1	TEST	905
906	7	TEST	906
907	9	TEST	907
908	1	TEST	908
909	4	TEST	909
910	1	TEST	910
911	8	TEST	911
912	9	TEST	912
913	4	TEST	913
914	1	TEST	914
915	7	TEST	915
916	7	TEST	916
917	8	TEST	917
918	0	TEST	918
919	4	TEST	919
920	2	TEST	920
921	0	TEST	921
922	1	TEST	922
923	7	TEST	923
924	1	TEST	924
925	9	TEST	925
926	9	TEST	926
927	2	TEST	927
928	3	TEST	928
929	6	TEST	929
930	1	TEST	930
931	9	TEST	931
932	0	TEST	932
933	0	TEST	933
934	5	TEST	934
935	2	TEST	935
936	2	TEST	936
937	3	TEST	937
938	9	TEST	938
939	0	TEST	939
940	9	TEST	940
941	8	TEST	941
942	5	TEST	942
943	1	TEST	943
944	0	TEST	944
945	7	TEST	945
946	9	TEST	946
947	6	TEST	947
948	9	TEST	948
949	3	TEST	949
950	8	TEST	950
951	4	TEST	951
952	6	TEST	952
953	2	TEST	953
954	0	TEST	954
955	8	TEST	955
956	4	TEST	956
957	1	TEST	957
958	2	TEST	958
959	3	TEST	959
960	5	TEST	960
961	5	TEST	961
962	0	TEST	962
963	5	TEST	963
964	0	TEST	964
965	3	TEST	965
966	1	TEST	966
967	6	TEST	967
968	5	TEST	968
969	6	TEST	969
970	8	TEST	970
971	1	TEST	971
972	0	TEST	972
973	0	TEST	973
974	2	TEST	974
975	3	TEST	975
976	3	TEST	976
977	7	TEST	977
978	1	TEST	978
979	2	TEST	979
980	6	TEST	980
981	5	TEST	981
982	6	TEST	982
983	5	TEST	983
984	5	TEST	984
985	6	TEST	985
986	1	TEST	986
987	1	TEST	987
988	0	TEST	988
989	2	TEST	989
990	7	TEST	990
991	0	TEST	991
992	6	TEST	992
993	4	TEST	993
994	6	TEST	994
995	0	TEST	995
996	5	TEST	996
997	1	TEST	997
998	9	TEST	998
999	2	TEST	999
