1:label	sfzh:string:sfzh	name:string:name	createTime:string	updateTime:string
User	520000000000000001	张三	20170824104528	20170824104528
User	520000000000000002	李四	20170824104528	20170824104528
User	520000000000000003	王二	20170824104528	20170824104528
User	520000000000000004	李飞	20170824104528	20170824104528
User	520000000000000005	王资	20170824104528	20170824104528
User	520000000000000006	陈非	20170824104528	20170824104528
User	520000000000000007	常伟	20170824104528	20170824104528
User	520000000000000008	王三	20170824104528	20170824104528
User	520000000000000009	右吉	20170824104528	20170824104528
User	520000000000000010	刘伟	20170824104528	20170824104528
User	520000000000000011	顾及	20170824104528	20170824104528
User	520000000000000012	蒙恬	20170824104528	20170824104528
User	520000000000000013	张飞	20170824104528	20170824104528
User	520000000000000014	关羽	20170822144242	20170822144242
User	520000000000000015	秦叔宝	20170822144242	20170822144242
User	520000000000000016	鲁迅	20170824104528	20170824104528
User	520000000000000017	啊飞	20170824104528	20170824104528
User	520000000000000018	老舍	20170824104528	20170824104528
User	520000000000000019	孔原	20170824104528	20170824104528
User	520000000000000020	屈子	20170824104528	20170824104528
User	520000000000000021	李白	20170824104528	20170824104528
User	520000000000000022	慧能	20170824104528	20170824104528
User	520000000000000023	李冰	20170824104528	20170824104528
User	520000000000000024	孙中山	20170824104528	20170824104528
User	520000000000000025	苏轼	20170824104528	20170824104528
User	520000000000000026	韩非	20170824104528	20170824104528
User	520000000000000027	陶渊明	20170824104528	20170824104528
User	520000000000000028	伊尹	20170824104528	20170824104528
User	520000000000000029	沈括	20170824104528	20170824104528
User	520000000000000030	王守仁	20170824104528	20170824104528
User	520000000000000031	王夫之	20170824104528	20170824104528
User	520000000000000032	钱学森	20170824104528	20170824104528
User	520000000000000033	王安石	20170824104528	20170824104528
User	520000000000000034	康有为	20170824104528	20170824104528
User	520000000000000035	荀况	20170824104528	20170824104528
User	520000000000000036	孙思邈	20170824104528	20170824104528
User	520000000000000037	张陵	20170824104528	20170824104528
User	520000000000000038	张骞	20170824104528	20170824104528
User	520000000000000039	道安	20170824104528	20170824104528
User	520000000000000040	周公	20170824104528	20170824104528
User	520000000000000041	王安石	20170824104528	20170824104528
User	520000000000000042	王守仁	20170824104528	20170824104528
